Domain Name,Type,Site Rating (gray or white),Category,Behavioral Keywords,Market Requests,Audience
www.autoexpress.co.uk,Website,white,Auto & Motoring,,116718323,UK General Market
www.cargurus.co.uk,Website,white,Auto & Motoring,,107662719,UK General Market
www.motors.co.uk,Website,white,Auto & Motoring,,91505948,UK General Market
www.caravantalk.co.uk,Website,white,Auto & Motoring,,42002194,UK General Market
www.vauxhallownersnetwork.co.uk,Website,white,Auto & Motoring,,41933464,UK General Market
www.honestjohn.co.uk,Website,white,Auto & Motoring,,39446159,UK General Market
www.bimmerforums.co.uk,Website,white,Auto & Motoring,,37947266,UK General Market
www.mbr.co.uk,Website,white,Auto & Motoring,,35972591,UK General Market
www.autocar.co.uk,Website,white,Auto & Motoring,,35542906,UK General Market
www.kiaownersclub.co.uk,Website,white,Auto & Motoring,,35025802,UK General Market
www.detailingworld.co.uk,Website,white,Auto & Motoring,,30864750,UK General Market
www.thescarboroughnews.co.uk,Website,white,Auto & Motoring,,29958410,UK General Market
www.lexusownersclub.co.uk,Website,white,Auto & Motoring,,29606635,UK General Market
www.evo.co.uk,Website,white,Auto & Motoring,,27580319,UK General Market
www.kugaownersclub.co.uk,Website,white,Auto & Motoring,,25384898,UK General Market
www.theparking-cars.co.uk,Website,white,Auto & Motoring,,25334159,UK General Market
pokecardvalues.co.uk,Website,white,Auto & Motoring,,22702293,UK General Market
www.carmagazine.co.uk,Website,white,Auto & Motoring,,21496991,UK General Market
gaschat.co.uk,Website,white,Auto & Motoring,,16097957,UK General Market
www.evoqueownersclub.co.uk,Website,white,Auto & Motoring,,15410147,UK General Market
www.astraownersnetwork.co.uk,Website,white,Auto & Motoring,,13996700,UK General Market
www.ratherrudecards.co.uk,Website,white,Auto & Motoring,,13394907,UK General Market
www.parkers.co.uk,Website,white,Auto & Motoring,,11429569,UK General Market
www.carbuyer.co.uk,Website,white,Auto & Motoring,,10945018,UK General Market
classics.honestjohn.co.uk,Website,white,Auto & Motoring,,10922886,UK General Market
www.daciaforum.co.uk,Website,white,Auto & Motoring,,10475312,UK General Market
www.astrakforums.co.uk,Website,white,Auto & Motoring,,10192798,UK General Market
www.lse.co.uk,Website,white,"Business, Finance & Jobs",,3613646720,UK General Market
www.thesalarycalculator.co.uk,Website,white,"Business, Finance & Jobs",,681866628,UK General Market
www.thisismoney.co.uk,Website,white,"Business, Finance & Jobs",,221120504,UK General Market
www.reed.co.uk,Website,white,"Business, Finance & Jobs",,209814186,UK General Market
www.livecharts.co.uk,Website,white,"Business, Finance & Jobs",,193563950,UK General Market
www.proactiveinvestors.co.uk,Website,white,"Business, Finance & Jobs",,134061589,UK General Market
www.accountingweb.co.uk,Website,white,"Business, Finance & Jobs",,81522454,UK General Market
www.entitledto.co.uk,Website,white,"Business, Finance & Jobs",,57912100,UK General Market
lse.co.uk,Website,white,"Business, Finance & Jobs",,50319764,UK General Market
www.cv-library.co.uk,Website,white,"Business, Finance & Jobs",,44708679,UK General Market
www.business-live.co.uk,Website,white,"Business, Finance & Jobs",,44216486,UK General Market
myjobscotland.gov.uk,Website,white,"Business, Finance & Jobs",,38330178,UK General Market
www.m.livecharts.co.uk,Website,white,"Business, Finance & Jobs",,25423339,UK General Market
www.stampdutycalculator.org.uk,Website,white,"Business, Finance & Jobs",,19839114,UK General Market
www.wmjobs.co.uk,Website,white,"Business, Finance & Jobs",,18547547,UK General Market
mypaycalculator.co.uk,Website,white,"Business, Finance & Jobs",,13786224,UK General Market
skintdad.co.uk,Website,white,"Business, Finance & Jobs",,13483692,UK General Market
www.wikijob.co.uk,Website,white,"Business, Finance & Jobs",,12521310,UK General Market
www.economicsonline.co.uk,Website,white,"Business, Finance & Jobs",,9998696,UK General Market
www.percentage-calculator.uk,Website,white,"Business, Finance & Jobs",,9963343,UK General Market
bmmagazine.co.uk,Website,white,"Business, Finance & Jobs",,9406520,UK General Market
www.mathsgenie.co.uk,Website,white,Education & Reference,,574201181,UK General Market
www.thestudentroom.co.uk,Website,white,Education & Reference,,328536480,UK General Market
studyrocket.co.uk,Website,white,Education & Reference,,39841846,UK General Market
homeworkify.co.uk,Website,white,Education & Reference,,30958994,UK General Market
www.studysmarter.co.uk,Website,white,Education & Reference,,25190391,UK General Market
www.teachit.co.uk,Website,white,Education & Reference,,22117990,UK General Market
www.languagesonline.org.uk,Website,white,Education & Reference,,13854188,UK General Market
www.phrases.org.uk,Website,white,Education & Reference,,12433997,UK General Market
www.historylearningsite.co.uk,Website,white,Education & Reference,,10238606,UK General Market
www.ladbible.com,Website,white,Entertainment & Pop Culture,,12833192839,UK General Market
www.unilad.com,Website,white,Entertainment & Pop Culture,,8300999451,UK General Market
faroutmagazine.co.uk,Website,white,Entertainment & Pop Culture,,2214966815,UK General Market
www.ok.co.uk,Website,white,Entertainment & Pop Culture,,2086581474,UK General Market
www.joe.co.uk,Website,white,Entertainment & Pop Culture,,1744735731,UK General Market
www.tyla.com,Website,white,Entertainment & Pop Culture,,1587030051,UK General Market
ladbible.com,Website,white,Entertainment & Pop Culture,,665466656,UK General Market
www.tvguide.co.uk,Website,white,Entertainment & Pop Culture,,538187586,UK General Market
www.themusicman.uk,Website,white,Entertainment & Pop Culture,,508590471,UK General Market
www.nme.com,Website,white,Entertainment & Pop Culture,,194782165,UK General Market
www.digitalspy.com,Website,white,Entertainment & Pop Culture,,183508268,UK General Market
www.marieclaire.co.uk,Website,white,Entertainment & Pop Culture,,178052761,UK General Market
www.joe.ie,Website,white,Entertainment & Pop Culture,,176345143,UK General Market
unilad.com,Website,white,Entertainment & Pop Culture,,127187578,UK General Market
www.efestivals.co.uk,Website,white,Entertainment & Pop Culture,,106300516,UK General Market
www.ticketmaster.co.uk,Website,white,Entertainment & Pop Culture,,86471990,UK General Market
www.thewestonmercury.co.uk,Website,white,Entertainment & Pop Culture,,77211126,UK General Market
www.glamourmagazine.co.uk,Website,white,Entertainment & Pop Culture,,70132354,UK General Market
www.vogue.co.uk,Website,white,Entertainment & Pop Culture,,63669683,UK General Market
www.gq-magazine.co.uk,Website,white,Entertainment & Pop Culture,,45984675,UK General Market
tyla.com,Website,white,Entertainment & Pop Culture,,30472782,UK General Market
closeronline.co.uk,Website,white,Entertainment & Pop Culture,,24990975,UK General Market
graziadaily.co.uk,Website,white,Entertainment & Pop Culture,,20859721,UK General Market
comps.marieclaire.co.uk,Website,white,Entertainment & Pop Culture,,20651843,UK General Market
www.comedy.co.uk,Website,white,Entertainment & Pop Culture,,15803783,UK General Market
www.livenation.co.uk,Website,white,Entertainment & Pop Culture,,15183985,UK General Market
comps.whatsontv.co.uk,Website,white,Entertainment & Pop Culture,,14983908,UK General Market
theatreboard.co.uk,Website,white,Entertainment & Pop Culture,,14947445,UK General Market
glutenfreecuppatea.co.uk,Website,white,Food & Recipes,,126252899,UK General Market
savvybites.co.uk,Website,white,Food & Recipes,,81158677,UK General Market
www.deliciousmagazine.co.uk,Website,white,Food & Recipes,,78021278,UK General Market
lianaskitchen.co.uk,Website,white,Food & Recipes,,57396920,UK General Market
bakingwithgranny.co.uk,Website,white,Food & Recipes,,56200728,UK General Market
www.cookingwithmykids.co.uk,Website,white,Food & Recipes,,49469447,UK General Market
www.curlyscooking.co.uk,Website,white,Food & Recipes,,39006900,UK General Market
flawlessfood.co.uk,Website,white,Food & Recipes,,36152374,UK General Market
www.sanjanafeasts.co.uk,Website,white,Food & Recipes,,29653147,UK General Market
cooksimply.co.uk,Website,white,Food & Recipes,,29020751,UK General Market
www.krumpli.co.uk,Website,white,Food & Recipes,,24981141,UK General Market
www.thevegspace.co.uk,Website,white,Food & Recipes,,23387973,UK General Market
www.dishbyrish.co.uk,Website,white,Food & Recipes,,22660407,UK General Market
www.farmersgirlkitchen.co.uk,Website,white,Food & Recipes,,21282774,UK General Market
www.recipesmadeeasy.co.uk,Website,white,Food & Recipes,,19003063,UK General Market
www.fabfood4all.co.uk,Website,white,Food & Recipes,,17204139,UK General Market
www.easypeasy-lemonsqueezy.co.uk,Website,white,Food & Recipes,,15546865,UK General Market
mydinner.co.uk,Website,white,Food & Recipes,,14285633,UK General Market
www.cinnamonandkale.co.uk,Website,white,Food & Recipes,,13754159,UK General Market
www.foodbyremi.co.uk,Website,white,Food & Recipes,,13495528,UK General Market
daisiesandpie.co.uk,Website,white,Food & Recipes,,12628855,UK General Market
www.sainsburysmagazine.co.uk,Website,white,Food & Recipes,,12143981,UK General Market
www.coffeeforums.co.uk,Website,white,Food & Recipes,,11486377,UK General Market
dailydish.co.uk,Website,white,Food & Recipes,,11341761,UK General Market
lostinfood.co.uk,Website,white,Food & Recipes,,10453194,UK General Market
tinandthyme.uk,Website,white,Food & Recipes,,10176489,UK General Market
www.eatsamazing.co.uk,Website,white,Food & Recipes,,9105326,UK General Market
www.arrse.co.uk,Website,white,Forums & Communities,,110909339,UK General Market
www.petforums.co.uk,Website,white,Forums & Communities,,72617215,UK General Market
www.ttforum.co.uk,Website,white,Forums & Communities,,49897628,UK General Market
www.vwt4forum.co.uk,Website,white,Forums & Communities,,32845953,UK General Market
www.renaultforums.co.uk,Website,white,Forums & Communities,,31777158,UK General Market
www.reptileforums.co.uk,Website,white,Forums & Communities,,26895166,UK General Market
yellowsforum.co.uk,Website,white,Forums & Communities,,20871972,UK General Market
www.ktmforum.co.uk,Website,white,Forums & Communities,,18403078,UK General Market
www.volkswagenforum.co.uk,Website,white,Forums & Communities,,16345203,UK General Market
forums.horseandhound.co.uk,Website,white,Forums & Communities,,14414506,UK General Market
www.tiguanforums.co.uk,Website,white,Forums & Communities,,12876306,UK General Market
www.sheffieldforum.co.uk,Website,white,Forums & Communities,,11940499,UK General Market
www.ipaceforums.co.uk,Website,white,Forums & Communities,,11037963,UK General Market
www.thehomebrewforum.co.uk,Website,white,Forums & Communities,,10888430,UK General Market
www.games.co.uk,Website,white,Games & Puzzles,,34829767,UK General Market
www.mahjong.co.uk,Website,white,Games & Puzzles,,26493077,UK General Market
www.brain-games.co.uk,Website,white,Games & Puzzles,,26270360,UK General Market
www.gamemaps.co.uk,Website,white,Games & Puzzles,,15377688,UK General Market
quiz-questions.uk,Website,white,Games & Puzzles,,11962598,UK General Market
www.rightmove.co.uk,Website,white,"Home, Garden & Property",,5117350748,UK General Market
www.pets4homes.co.uk,Website,white,"Home, Garden & Property",,2560630673,UK General Market
www.zoopla.co.uk,Website,white,"Home, Garden & Property",,1219942334,UK General Market
www.countrylife.co.uk,Website,white,"Home, Garden & Property",,95413121,UK General Market
www.houseandgarden.co.uk,Website,white,"Home, Garden & Property",,80356643,UK General Market
www.homebuilding.co.uk,Website,white,"Home, Garden & Property",,68191539,UK General Market
housesforsaletorent.co.uk,Website,white,"Home, Garden & Property",,53601498,UK General Market
propertytorenovate.co.uk,Website,white,"Home, Garden & Property",,31783349,UK General Market
www.sleek-chic.co.uk,Website,white,"Home, Garden & Property",,29097537,UK General Market
lovechicliving.co.uk,Website,white,"Home, Garden & Property",,22512808,UK General Market
horticulture.co.uk,Website,white,"Home, Garden & Property",,13371635,UK General Market
www.ellcchoicehomes.org.uk,Website,white,"Home, Garden & Property",,11641939,UK General Market
www.getsurrey.co.uk,Website,white,Lifestyle & Other,,6593031270,UK General Market
www.derbytelegraph.co.uk,Website,white,Lifestyle & Other,,1336080300,UK General Market
lifeintheuktestweb.co.uk,Website,white,Lifestyle & Other,,1295646460,UK General Market
www.glasgowtimes.co.uk,Website,white,Lifestyle & Other,,1185615597,UK General Market
www.lancashiretelegraph.co.uk,Website,white,Lifestyle & Other,,809953120,UK General Market
www.thetimes.co.uk,Website,white,Lifestyle & Other,,797227552,UK General Market
www.grimsbytelegraph.co.uk,Website,white,Lifestyle & Other,,452879502,UK General Market
www.westerntelegraph.co.uk,Website,white,Lifestyle & Other,,305023289,UK General Market
news.ohmymag.co.uk,Website,white,Lifestyle & Other,,239236780,UK General Market
www.manuals.co.uk,Website,white,Lifestyle & Other,,237852343,UK General Market
who-called.co.uk,Website,white,Lifestyle & Other,,231269112,UK General Market
apps.talktalk.co.uk,Website,white,Lifestyle & Other,,221240590,UK General Market
www.greenocktelegraph.co.uk,Website,white,Lifestyle & Other,,220006360,UK General Market
www.metoffice.gov.uk,Website,white,Lifestyle & Other,,211278482,UK General Market
www.chesterstandard.co.uk,Website,white,Lifestyle & Other,,203743230,UK General Market
www.freebmd.org.uk,Website,white,Lifestyle & Other,,197750606,UK General Market
www.broadbandspeedchecker.co.uk,Website,white,Lifestyle & Other,,192621369,UK General Market
www.wiltshiretimes.co.uk,Website,white,Lifestyle & Other,,176308119,UK General Market
www.burytimes.co.uk,Website,white,Lifestyle & Other,,156836273,UK General Market
www.ordissinaute.co.uk,Website,white,Lifestyle & Other,,135574823,UK General Market
www.theoldhamtimes.co.uk,Website,white,Lifestyle & Other,,135233063,UK General Market
www.derbyshiretimes.co.uk,Website,white,Lifestyle & Other,,117336901,UK General Market
www.doogal.co.uk,Website,white,Lifestyle & Other,,111158780,UK General Market
www.gmx.co.uk,Website,white,Lifestyle & Other,,87210143,UK General Market
www.northantstelegraph.co.uk,Website,white,Lifestyle & Other,,84766111,UK General Market
www.ibtimes.co.uk,Website,white,Lifestyle & Other,,80276934,UK General Market
www.name-generator.org.uk,Website,white,Lifestyle & Other,,77111570,UK General Market
www.wiltsglosstandard.co.uk,Website,white,Lifestyle & Other,,67586778,UK General Market
www.bordercountiesadvertizer.co.uk,Website,white,Lifestyle & Other,,61134941,UK General Market
www.whtimes.co.uk,Website,white,Lifestyle & Other,,60734268,UK General Market
www.braintreeandwithamtimes.co.uk,Website,white,Lifestyle & Other,,60472911,UK General Market
www.liverpoolworld.uk,Website,white,Lifestyle & Other,,53459954,UK General Market
www.yourweather.co.uk,Website,white,Lifestyle & Other,,49745398,UK General Market
downdetector.co.uk,Website,white,Lifestyle & Other,,48899659,UK General Market
www.blogpreston.co.uk,Website,white,Lifestyle & Other,,48424957,UK General Market
www.birminghamworld.uk,Website,white,Lifestyle & Other,,48297853,UK General Market
healthylivingjames.co.uk,Website,white,Lifestyle & Other,,46011382,UK General Market
www.cambstimes.co.uk,Website,white,Lifestyle & Other,,42787746,UK General Market
www.darlingtonandstocktontimes.co.uk,Website,white,Lifestyle & Other,,42090377,UK General Market
www.elystandard.co.uk,Website,white,Lifestyle & Other,,39450869,UK General Market
www.kilburntimes.co.uk,Website,white,Lifestyle & Other,,38071272,UK General Market
solicitors.lawsociety.org.uk,Website,white,Lifestyle & Other,,32241895,UK General Market
www.derehamtimes.co.uk,Website,white,Lifestyle & Other,,29954881,UK General Market
www.freedating.co.uk,Website,white,Lifestyle & Other,,29502490,UK General Market
www.messengernewspapers.co.uk,Website,white,Lifestyle & Other,,27948921,UK General Market
www.maldonandburnhamstandard.co.uk,Website,white,Lifestyle & Other,,27513251,UK General Market
www.chardandilminsternews.co.uk,Website,white,Lifestyle & Other,,27504633,UK General Market
www.lynnnews.co.uk,Website,white,Lifestyle & Other,,25842206,UK General Market
www.wisbechstandard.co.uk,Website,white,Lifestyle & Other,,25746555,UK General Market
www.penarthtimes.co.uk,Website,white,Lifestyle & Other,,25083419,UK General Market
www.manchesterworld.uk,Website,white,Lifestyle & Other,,23962152,UK General Market
www.fakenhamtimes.co.uk,Website,white,Lifestyle & Other,,22714959,UK General Market
www.thescottishfarmer.co.uk,Website,white,Lifestyle & Other,,22640834,UK General Market
sandhyahariharan.co.uk,Website,white,Lifestyle & Other,,20507290,UK General Market
www.harwichandmanningtreestandard.co.uk,Website,white,Lifestyle & Other,,20294789,UK General Market
www.thepurplepumpkinblog.co.uk,Website,white,Lifestyle & Other,,20072735,UK General Market
www.mob.co.uk,Website,white,Lifestyle & Other,,18491166,UK General Market
www.getreading.co.uk,Website,white,Lifestyle & Other,,18056772,UK General Market
tides.willyweather.co.uk,Website,white,Lifestyle & Other,,18028898,UK General Market
www.enfieldindependent.co.uk,Website,white,Lifestyle & Other,,17419221,UK General Market
www.bedfordindependent.co.uk,Website,white,Lifestyle & Other,,16859027,UK General Market
www.northsomersettimes.co.uk,Website,white,Lifestyle & Other,,16194642,UK General Market
donnadundas.co.uk,Website,white,Lifestyle & Other,,15696678,UK General Market
ibtimes.co.uk,Website,white,Lifestyle & Other,,14813350,UK General Market
www.pbo.co.uk,Website,white,Lifestyle & Other,,14515252,UK General Market
www.richmondandtwickenhamtimes.co.uk,Website,white,Lifestyle & Other,,13821231,UK General Market
www.aclassclub.co.uk,Website,white,Lifestyle & Other,,13480292,UK General Market
www.adorecharlotte.co.uk,Website,white,Lifestyle & Other,,13328918,UK General Market
generic.gmx.co.uk,Website,white,Lifestyle & Other,,12585618,UK General Market
www.imjustagirl16.co.uk,Website,white,Lifestyle & Other,,10786316,UK General Market
www.thetfordandbrandontimes.co.uk,Website,white,Lifestyle & Other,,10745406,UK General Market
www.heartsstandard.co.uk,Website,white,Lifestyle & Other,,10466259,UK General Market
gmx.co.uk,Website,white,Lifestyle & Other,,10289427,UK General Market
www.ealingtimes.co.uk,Website,white,Lifestyle & Other,,10050427,UK General Market
www.plot-generator.org.uk,Website,white,Lifestyle & Other,,9971120,UK General Market
www.ispreview.co.uk,Website,white,Lifestyle & Other,,9929881,UK General Market
www.tellows.co.uk,Website,white,Lifestyle & Other,,9694208,UK General Market
www.harrowtimes.co.uk,Website,white,Lifestyle & Other,,9577766,UK General Market
www.freereg.org.uk,Website,white,Lifestyle & Other,,9277704,UK General Market
www.latoyah.co.uk,Website,white,Lifestyle & Other,,9249220,UK General Market
www.manchestereveningnews.co.uk,Website,white,Local & Regional News,,8884895598,UK General Market
www.birminghammail.co.uk,Website,white,Local & Regional News,,7041480159,UK General Market
www.liverpoolecho.co.uk,Website,white,Local & Regional News,,3310622424,UK General Market
www.gloucestershirelive.co.uk,Website,white,Local & Regional News,,3130765990,UK General Market
www.chroniclelive.co.uk,Website,white,Local & Regional News,,2599002094,UK General Market
www.leeds-live.co.uk,Website,white,Local & Regional News,,2123736256,UK General Market
www.bristolpost.co.uk,Website,white,Local & Regional News,,1981080893,UK General Market
www.stokesentinel.co.uk,Website,white,Local & Regional News,,1955871145,UK General Market
www.belfastlive.co.uk,Website,white,Local & Regional News,,1864166910,UK General Market
www.leicestermercury.co.uk,Website,white,Local & Regional News,,1810088137,UK General Market
www.examinerlive.co.uk,Website,white,Local & Regional News,,1627449367,UK General Market
www.thenorthernecho.co.uk,Website,white,Local & Regional News,,1538258394,UK General Market
www.edinburghlive.co.uk,Website,white,Local & Regional News,,1531917544,UK General Market
www.plymouthherald.co.uk,Website,white,Local & Regional News,,1468928030,UK General Market
www.dailyecho.co.uk,Website,white,Local & Regional News,,1459797319,UK General Market
www.dailypost.co.uk,Website,white,Local & Regional News,,1358692075,UK General Market
www.edp24.co.uk,Website,white,Local & Regional News,,1353095237,UK General Market
www.bournemouthecho.co.uk,Website,white,Local & Regional News,,1336220974,UK General Market
www.gazettelive.co.uk,Website,white,Local & Regional News,,1324389389,UK General Market
www.hulldailymail.co.uk,Website,white,Local & Regional News,,1320546112,UK General Market
www.cambridge-news.co.uk,Website,white,Local & Regional News,,1282389238,UK General Market
www.glasgowlive.co.uk,Website,white,Local & Regional News,,1126664149,UK General Market
www.thetelegraphandargus.co.uk,Website,white,Local & Regional News,,1114756769,UK General Market
www.theargus.co.uk,Website,white,Local & Regional News,,1063770549,UK General Market
www.echo-news.co.uk,Website,white,Local & Regional News,,1004293111,UK General Market
www.oxfordmail.co.uk,Website,white,Local & Regional News,,941966470,UK General Market
www.theboltonnews.co.uk,Website,white,Local & Regional News,,932661954,UK General Market
www.swindonadvertiser.co.uk,Website,white,Local & Regional News,,903626571,UK General Market
www.scottishdailyexpress.co.uk,Website,white,Local & Regional News,,826318094,UK General Market
www.southwalesargus.co.uk,Website,white,Local & Regional News,,805104204,UK General Market
www.yorkpress.co.uk,Website,white,Local & Regional News,,800363067,UK General Market
www.eadt.co.uk,Website,white,Local & Regional News,,716303688,UK General Market
www.worcesternews.co.uk,Website,white,Local & Regional News,,665154044,UK General Market
www.somersetlive.co.uk,Website,white,Local & Regional News,,650525640,UK General Market
www.dorsetecho.co.uk,Website,white,Local & Regional News,,613922136,UK General Market
www.warringtonguardian.co.uk,Website,white,Local & Regional News,,545752801,UK General Market
www.eveningnews24.co.uk,Website,white,Local & Regional News,,519585306,UK General Market
www.newsandstar.co.uk,Website,white,Local & Regional News,,514168458,UK General Market
www.kentonline.co.uk,Website,white,Local & Regional News,,501021574,UK General Market
www.ipswichstar.co.uk,Website,white,Local & Regional News,,451259592,UK General Market
www.gazette-news.co.uk,Website,white,Local & Regional News,,363050458,UK General Market
www.lincolnshirelive.co.uk,Website,white,Local & Regional News,,359205744,UK General Market
www.countypress.co.uk,Website,white,Local & Regional News,,358668015,UK General Market
www.bucksfreepress.co.uk,Website,white,Local & Regional News,,346280973,UK General Market
www.thestar.co.uk,Website,white,Local & Regional News,,339397631,UK General Market
www.yorkshireeveningpost.co.uk,Website,white,Local & Regional News,,338416963,UK General Market
www.wirralglobe.co.uk,Website,white,Local & Regional News,,336640519,UK General Market
www.readingchronicle.co.uk,Website,white,Local & Regional News,,320022437,UK General Market
www.leaderlive.co.uk,Website,white,Local & Regional News,,317513754,UK General Market
www.watfordobserver.co.uk,Website,white,Local & Regional News,,309189336,UK General Market
www.nwemail.co.uk,Website,white,Local & Regional News,,302749135,UK General Market
www.sthelensstar.co.uk,Website,white,Local & Regional News,,234461145,UK General Market
www.cheshire-live.co.uk,Website,white,Local & Regional News,,229953638,UK General Market
www.northwichguardian.co.uk,Website,white,Local & Regional News,,210382238,UK General Market
www.hampshirechronicle.co.uk,Website,white,Local & Regional News,,200348398,UK General Market
www.romfordrecorder.co.uk,Website,white,Local & Regional News,,198819769,UK General Market
www.portsmouth.co.uk,Website,white,Local & Regional News,,189169195,UK General Market
www.basingstokegazette.co.uk,Website,white,Local & Regional News,,182281217,UK General Market
www.falmouthpacket.co.uk,Website,white,Local & Regional News,,174303184,UK General Market
www.greatyarmouthmercury.co.uk,Website,white,Local & Regional News,,168729311,UK General Market
www.sussexexpress.co.uk,Website,white,Local & Regional News,,165680679,UK General Market
www.countytimes.co.uk,Website,white,Local & Regional News,,158144694,UK General Market
www.kidderminstershuttle.co.uk,Website,white,Local & Regional News,,150572035,UK General Market
www.gazetteandherald.co.uk,Website,white,Local & Regional News,,144374683,UK General Market
www.salisburyjournal.co.uk,Website,white,Local & Regional News,,139889918,UK General Market
www.lep.co.uk,Website,white,Local & Regional News,,136246691,UK General Market
www.northnorfolknews.co.uk,Website,white,Local & Regional News,,136131863,UK General Market
www.somersetcountygazette.co.uk,Website,white,Local & Regional News,,133142612,UK General Market
www.blackpoolgazette.co.uk,Website,white,Local & Regional News,,126270474,UK General Market
www.yorkshirepost.co.uk,Website,white,Local & Regional News,,123053861,UK General Market
www.northamptonchron.co.uk,Website,white,Local & Regional News,,122376590,UK General Market
www.yourlocalguardian.co.uk,Website,white,Local & Regional News,,119083498,UK General Market
www.thewestmorlandgazette.co.uk,Website,white,Local & Regional News,,107043939,UK General Market
www.peterboroughtoday.co.uk,Website,white,Local & Regional News,,101357742,UK General Market
www.hertsad.co.uk,Website,white,Local & Regional News,,97633843,UK General Market
www.rhyljournal.co.uk,Website,white,Local & Regional News,,96006882,UK General Market
www.stourbridgenews.co.uk,Website,white,Local & Regional News,,95547698,UK General Market
www.runcornandwidnesworld.co.uk,Website,white,Local & Regional News,,91778408,UK General Market
www.bridportnews.co.uk,Website,white,Local & Regional News,,88039438,UK General Market
www.doncasterfreepress.co.uk,Website,white,Local & Regional News,,86138206,UK General Market
www.thisisoxfordshire.co.uk,Website,white,Local & Regional News,,85150976,UK General Market
www.lowestoftjournal.co.uk,Website,white,Local & Regional News,,81851261,UK General Market
www.sloughobserver.co.uk,Website,white,Local & Regional News,,77976604,UK General Market
www.cravenherald.co.uk,Website,white,Local & Regional News,,77743138,UK General Market
www.huntspost.co.uk,Website,white,Local & Regional News,,76120089,UK General Market
www.bracknellnews.co.uk,Website,white,Local & Regional News,,74217518,UK General Market
www.clactonandfrintongazette.co.uk,Website,white,Local & Regional News,,73125199,UK General Market
www.gazetteseries.co.uk,Website,white,Local & Regional News,,72798844,UK General Market
www.halifaxcourier.co.uk,Website,white,Local & Regional News,,70726925,UK General Market
www.stroudnewsandjournal.co.uk,Website,white,Local & Regional News,,68556050,UK General Market
www.hamhigh.co.uk,Website,white,Local & Regional News,,67920090,UK General Market
www.whitehavennews.co.uk,Website,white,Local & Regional News,,65345833,UK General Market
www.the-gazette.co.uk,Website,white,Local & Regional News,,65238446,UK General Market
www.halesowennews.co.uk,Website,white,Local & Regional News,,64414329,UK General Market
www.keighleynews.co.uk,Website,white,Local & Regional News,,63505900,UK General Market
www.clydebankpost.co.uk,Website,white,Local & Regional News,,63202195,UK General Market
www.gazetteherald.co.uk,Website,white,Local & Regional News,,63007305,UK General Market
www.bridgwatermercury.co.uk,Website,white,Local & Regional News,,62537085,UK General Market
www.andoveradvertiser.co.uk,Website,white,Local & Regional News,,62151690,UK General Market
www.malverngazette.co.uk,Website,white,Local & Regional News,,60795058,UK General Market
www.eveshamjournal.co.uk,Website,white,Local & Regional News,,58874059,UK General Market
www.northwaleschronicle.co.uk,Website,white,Local & Regional News,,58041313,UK General Market
www.huffingtonpost.co.uk,Website,white,Local & Regional News,,58002835,UK General Market
www.timesandstar.co.uk,Website,white,Local & Regional News,,55121626,UK General Market
www.newsletter.co.uk,Website,white,Local & Regional News,,52917239,UK General Market
www.suffolknews.co.uk,Website,white,Local & Regional News,,48077447,UK General Market
www.leighjournal.co.uk,Website,white,Local & Regional News,,46811718,UK General Market
www.knutsfordguardian.co.uk,Website,white,Local & Regional News,,46778625,UK General Market
www.wakefieldexpress.co.uk,Website,white,Local & Regional News,,45819970,UK General Market
www.hexham-courant.co.uk,Website,white,Local & Regional News,,45708241,UK General Market
www.northwalespioneer.co.uk,Website,white,Local & Regional News,,44949433,UK General Market
www.lincsonline.co.uk,Website,white,Local & Regional News,,43865270,UK General Market
www.ilkleygazette.co.uk,Website,white,Local & Regional News,,43200776,UK General Market
www.dudleynews.co.uk,Website,white,Local & Regional News,,43065588,UK General Market
www.miltonkeynes.co.uk,Website,white,Local & Regional News,,42527957,UK General Market
www.redditchadvertiser.co.uk,Website,white,Local & Regional News,,40423473,UK General Market
www.inverness-courier.co.uk,Website,white,Local & Regional News,,40223731,UK General Market
www.barryanddistrictnews.co.uk,Website,white,Local & Regional News,,39425290,UK General Market
www.tivysideadvertiser.co.uk,Website,white,Local & Regional News,,39258635,UK General Market
www.southwalesguardian.co.uk,Website,white,Local & Regional News,,38990502,UK General Market
www.newhamrecorder.co.uk,Website,white,Local & Regional News,,37677292,UK General Market
www.helensburghadvertiser.co.uk,Website,white,Local & Regional News,,37160838,UK General Market
www.chad.co.uk,Website,white,Local & Regional News,,35472036,UK General Market
www.falkirkherald.co.uk,Website,white,Local & Regional News,,34601650,UK General Market
www.hartlepoolmail.co.uk,Website,white,Local & Regional News,,33755097,UK General Market
www.becclesandbungayjournal.co.uk,Website,white,Local & Regional News,,33738181,UK General Market
www.thisislocallondon.co.uk,Website,white,Local & Regional News,,32097319,UK General Market
www.lancasterguardian.co.uk,Website,white,Local & Regional News,,31758827,UK General Market
www.lutontoday.co.uk,Website,white,Local & Regional News,,31629080,UK General Market
www.ianvisits.co.uk,Website,white,Local & Regional News,,30707651,UK General Market
www.pressandjournal.co.uk,Website,white,Local & Regional News,,30552554,UK General Market
www.exmouthjournal.co.uk,Website,white,Local & Regional News,,29950701,UK General Market
www.dumbartonreporter.co.uk,Website,white,Local & Regional News,,29932459,UK General Market
www.thecourier.co.uk,Website,white,Local & Regional News,,29321733,UK General Market
www.hackneygazette.co.uk,Website,white,Local & Regional News,,28628366,UK General Market
www.fifetoday.co.uk,Website,white,Local & Regional News,,28238463,UK General Market
www.witneygazette.co.uk,Website,white,Local & Regional News,,28225269,UK General Market
www.bromsgroveadvertiser.co.uk,Website,white,Local & Regional News,,27457986,UK General Market
www.northumberlandgazette.co.uk,Website,white,Local & Regional News,,27178848,UK General Market
www.ilfordrecorder.co.uk,Website,white,Local & Regional News,,25799575,UK General Market
www.barkinganddagenhampost.co.uk,Website,white,Local & Regional News,,25046453,UK General Market
www.guardian-series.co.uk,Website,white,Local & Regional News,,24680219,UK General Market
www.islingtongazette.co.uk,Website,white,Local & Regional News,,24581227,UK General Market
www.cotswoldjournal.co.uk,Website,white,Local & Regional News,,24397387,UK General Market
www.wandsworthguardian.co.uk,Website,white,Local & Regional News,,24362209,UK General Market
www.wiltshire999s.co.uk,Website,white,Local & Regional News,,22128714,UK General Market
walthamforestecho.co.uk,Website,white,Local & Regional News,,19676882,UK General Market
www.heraldseries.co.uk,Website,white,Local & Regional News,,19416836,UK General Market
www.denbighshirefreepress.co.uk,Website,white,Local & Regional News,,19029696,UK General Market
www.whitchurchherald.co.uk,Website,white,Local & Regional News,,18216547,UK General Market
www.surreycomet.co.uk,Website,white,Local & Regional News,,18147093,UK General Market
www.sidmouthherald.co.uk,Website,white,Local & Regional News,,17930642,UK General Market
www.cambrian-news.co.uk,Website,white,Local & Regional News,,17705157,UK General Market
www.maidenhead-advertiser.co.uk,Website,white,Local & Regional News,,16810284,UK General Market
www.eastlondonadvertiser.co.uk,Website,white,Local & Regional News,,16744722,UK General Market
www.bedfordtoday.co.uk,Website,white,Local & Regional News,,16017527,UK General Market
www.peterboroughmatters.co.uk,Website,white,Local & Regional News,,15879558,UK General Market
www.rotherhamadvertiser.co.uk,Website,white,Local & Regional News,,15783229,UK General Market
www.harrogateadvertiser.co.uk,Website,white,Local & Regional News,,15594424,UK General Market
www.ledburyreporter.co.uk,Website,white,Local & Regional News,,15168213,UK General Market
www.thurrockgazette.co.uk,Website,white,Local & Regional News,,14983182,UK General Market
www.halsteadgazette.co.uk,Website,white,Local & Regional News,,14859925,UK General Market
www.times-series.co.uk,Website,white,Local & Regional News,,13232476,UK General Market
www.northern-scot.co.uk,Website,white,Local & Regional News,,13217953,UK General Market
southwarknews.co.uk,Website,white,Local & Regional News,,12411742,UK General Market
www.wymondhamandattleboroughmercury.co.uk,Website,white,Local & Regional News,,11791915,UK General Market
www.newarkadvertiser.co.uk,Website,white,Local & Regional News,,11776973,UK General Market
www.hertfordshiremercury.co.uk,Website,white,Local & Regional News,,11678010,UK General Market
www.bucksherald.co.uk,Website,white,Local & Regional News,,11557253,UK General Market
www.forestryjournal.co.uk,Website,white,Local & Regional News,,11329046,UK General Market
enfielddispatch.co.uk,Website,white,Local & Regional News,,10962778,UK General Market
www.johnogroat-journal.co.uk,Website,white,Local & Regional News,,10793620,UK General Market
www.midweekherald.co.uk,Website,white,Local & Regional News,,10127179,UK General Market
www.milfordmercury.co.uk,Website,white,Local & Regional News,,9742580,UK General Market
www.banburyguardian.co.uk,Website,white,Local & Regional News,,9627352,UK General Market
www.newburytoday.co.uk,Website,white,Local & Regional News,,9467641,UK General Market
www.staffordshire-live.co.uk,Website,white,Local & Regional News,,9131673,UK General Market
www.wimbledonguardian.co.uk,Website,white,Local & Regional News,,9083337,UK General Market
www.dailymail.co.uk,Website,white,National News,,148305536296,UK General Market
www.mirror.co.uk,Website,white,National News,,31310139047,UK General Market
www.theguardian.com,Website,white,National News,,21370509849,UK General Market
www.thesun.co.uk,Website,white,National News,,13886240948,UK General Market
www.express.co.uk,Website,white,National News,,12876756883,UK General Market
www.independent.co.uk,Website,white,National News,,12838156779,UK General Market
www.dailyrecord.co.uk,Website,white,National News,,7726329378,UK General Market
www.walesonline.co.uk,Website,white,National News,,5744976024,UK General Market
metro.co.uk,Website,white,National News,,3492571819,UK General Market
www.thetimes.com,Website,white,National News,,2959996612,UK General Market
www.dailystar.co.uk,Website,white,National News,,2898577224,UK General Market
www.telegraph.co.uk,Website,white,National News,,2275681509,UK General Market
www.newsnow.co.uk,Website,white,National News,,2104817055,UK General Market
www.standard.co.uk,Website,white,National News,,1362019228,UK General Market
www.thescottishsun.co.uk,Website,white,National News,,1227379129,UK General Market
www.aol.co.uk,Website,white,National News,,512253114,UK General Market
games.dailymail.co.uk,Website,white,National News,,475101310,UK General Market
inews.co.uk,Website,white,National News,,302811090,UK General Market
m.belfasttelegraph.co.uk,Website,white,National News,,118875306,UK General Market
c.newsnow.co.uk,Website,white,National News,,103212633,UK General Market
app.telegraph.co.uk,Website,white,National News,,98827422,UK General Market
puzzles.independent.co.uk,Website,white,National News,,91863484,UK General Market
www.belfasttelegraph.co.uk,Website,white,National News,,43583161,UK General Market
amp.theguardian.com,Website,white,National News,,24976749,UK General Market
www.babycentre.co.uk,Website,white,Parenting & Family,,37537374,UK General Market
www.craftsonsea.co.uk,Website,white,Parenting & Family,,37119667,UK General Market
www.amummytoo.co.uk,Website,white,Parenting & Family,,32793812,UK General Market
themummybubble.co.uk,Website,white,Parenting & Family,,20998404,UK General Market
community.babycentre.co.uk,Website,white,Parenting & Family,,20202384,UK General Market
northwestforkids.co.uk,Website,white,Parenting & Family,,20119468,UK General Market
intheplayroom.co.uk,Website,white,Parenting & Family,,17252204,UK General Market
rainydaymum.co.uk,Website,white,Parenting & Family,,12938452,UK General Market
www.northeastfamilyfun.co.uk,Website,white,Parenting & Family,,10411267,UK General Market
peakdistrictkids.co.uk,Website,white,Parenting & Family,,9173999,UK General Market
www.horseandhound.co.uk,Website,white,Pets & Outdoors,,75451554,UK General Market
www.anglingtimes.co.uk,Website,white,Pets & Outdoors,,22784717,UK General Market
www.flyfishing.co.uk,Website,white,Pets & Outdoors,,18875351,UK General Market
www.radio-uk.co.uk,Website,white,Radio & Audio,,4462859241,UK General Market
www.radiotimes.com,Website,white,Radio & Audio,,1123718927,UK General Market
www.capitalfm.com,Website,white,Radio & Audio,,230607712,UK General Market
www.dontgobaconmyheart.co.uk,Website,white,Radio & Audio,,157697394,UK General Market
hellorayo.co.uk,Website,white,Radio & Audio,,140965489,UK General Market
www.classicfm.com,Website,white,Radio & Audio,,71697642,UK General Market
www.lbc.co.uk,Website,white,Radio & Audio,,58479445,UK General Market
www.heart.co.uk,Website,white,Radio & Audio,,50445598,UK General Market
www.smoothradio.com,Website,white,Radio & Audio,,26892515,UK General Market
www.radiox.co.uk,Website,white,Radio & Audio,,16357659,UK General Market
virginradio.co.uk,Website,white,Radio & Audio,,16174911,UK General Market
www.ebay.co.uk,Website,white,Shopping & Deals,,3224164036,UK General Market
www.vinted.co.uk,Website,white,Shopping & Deals,,1549069216,UK General Market
www.newsshopper.co.uk,Website,white,Shopping & Deals,,471016606,UK General Market
www.idealhome.co.uk,Website,white,Shopping & Deals,,333638326,UK General Market
www.preloved.co.uk,Website,white,Shopping & Deals,,212779953,UK General Market
www.ukworkshop.co.uk,Website,white,Shopping & Deals,,48429382,UK General Market
www.swapz.co.uk,Website,white,Shopping & Deals,,28900866,UK General Market
www.dealmoon.co.uk,Website,white,Shopping & Deals,,27055351,UK General Market
www.latestdeals.co.uk,Website,white,Shopping & Deals,,23589452,UK General Market
pay.ebay.co.uk,Website,white,Shopping & Deals,,16928763,UK General Market
signin.ebay.co.uk,Website,white,Shopping & Deals,,9324386,UK General Market
www.bishopsstortfordindependent.co.uk,Website,white,Shopping & Deals,,9152906,UK General Market
www.goal.com,Website,white,Sports & Football,,8175913368,UK General Market
www.sportbible.com,Website,white,Sports & Football,,3604112272,UK General Market
www.90min.com,Website,white,Sports & Football,,1820004478,UK General Market
talksport.com,Website,white,Sports & Football,,1806396981,UK General Market
www.givemesport.com,Website,white,Sports & Football,,1777555864,UK General Market
www.transfermarkt.co.uk,Website,white,Sports & Football,,639927839,UK General Market
www.twtd.co.uk,Website,white,Sports & Football,,437588032,UK General Market
www.flashscore.co.uk,Website,white,Sports & Football,,434873599,UK General Market
footballleagueworld.co.uk,Website,white,Sports & Football,,429932438,UK General Market
forums.bluemoon-mcfc.co.uk,Website,white,Sports & Football,,303683355,UK General Market
www.footballwebpages.co.uk,Website,white,Sports & Football,,261184901,UK General Market
www.fourfourtwo.com,Website,white,Sports & Football,,207124646,UK General Market
www.fantasyfootballscout.co.uk,Website,white,Sports & Football,,177242516,UK General Market
www.themag.co.uk,Website,white,Sports & Football,,164833949,UK General Market
www.rangersnews.uk,Website,white,Sports & Football,,157931421,UK General Market
www.anfieldwatch.co.uk,Website,white,Sports & Football,,151940529,UK General Market
pasoti.co.uk,Website,white,Sports & Football,,131237660,UK General Market
www.ruck.co.uk,Website,white,Sports & Football,,122783263,UK General Market
ruck.co.uk,Website,white,Sports & Football,,118282779,UK General Market
forums.vitalfootball.co.uk,Website,white,Sports & Football,,103894271,UK General Market
www.fansnetwork.co.uk,Website,white,Sports & Football,,95378508,UK General Market
www.rangersreview.co.uk,Website,white,Sports & Football,,80100761,UK General Market
www.footballscotland.co.uk,Website,white,Sports & Football,,78303419,UK General Market
www.se80.co.uk,Website,white,Sports & Football,,67281239,UK General Market
www.celticway.co.uk,Website,white,Sports & Football,,66988892,UK General Market
centredevils.co.uk,Website,white,Sports & Football,,65720970,UK General Market
sportwitness.co.uk,Website,white,Sports & Football,,63791049,UK General Market
sportbible.com,Website,white,Sports & Football,,62768247,UK General Market
www.cardiffcityforum.co.uk,Website,white,Sports & Football,,61736474,UK General Market
www.celticquicknews.co.uk,Website,white,Sports & Football,,57161323,UK General Market
www.owlstalk.co.uk,Website,white,Sports & Football,,51940881,UK General Market
www.hmfckickback.co.uk,Website,white,Sports & Football,,49849313,UK General Market
www.foxestalk.co.uk,Website,white,Sports & Football,,47832745,UK General Market
cityxtra.co.uk,Website,white,Sports & Football,,46405207,UK General Market
fanbanter.co.uk,Website,white,Sports & Football,,44259618,UK General Market
www.forestforum.co.uk,Website,white,Sports & Football,,40473969,UK General Market
rangersrumours.co.uk,Website,white,Sports & Football,,39731339,UK General Market
utddistrict.co.uk,Website,white,Sports & Football,,35405245,UK General Market
the72.co.uk,Website,white,Sports & Football,,32906799,UK General Market
avftt.co.uk,Website,white,Sports & Football,,32538993,UK General Market
www.astonvillanews.co.uk,Website,white,Sports & Football,,31381764,UK General Market
www.uk-muscle.co.uk,Website,white,Sports & Football,,30364916,UK General Market
www.ibroxnoise.co.uk,Website,white,Sports & Football,,28382911,UK General Market
www.wearepalace.uk,Website,white,Sports & Football,,26601127,UK General Market
www.liverpoolway.co.uk,Website,white,Sports & Football,,25355807,UK General Market
bournemouth-forum.vitalfootball.co.uk,Website,white,Sports & Football,,25349110,UK General Market
www.thenpl.co.uk,Website,white,Sports & Football,,24277611,UK General Market
www.anfieldcentral.co.uk,Website,white,Sports & Football,,18589559,UK General Market
www.molineuxmix.co.uk,Website,white,Sports & Football,,18448743,UK General Market
thefightingcock.co.uk,Website,white,Sports & Football,,18326515,UK General Market
www.westbromnews.co.uk,Website,white,Sports & Football,,17892253,UK General Market
kerrydalestreet.co.uk,Website,white,Sports & Football,,17067379,UK General Market
www.onevalefan.co.uk,Website,white,Sports & Football,,16733778,UK General Market
www.isthmian.co.uk,Website,white,Sports & Football,,15392077,UK General Market
dcfcfans.uk,Website,white,Sports & Football,,14625901,UK General Market
www.bunkered.co.uk,Website,white,Sports & Football,,13536320,UK General Market
saintsweb.co.uk,Website,white,Sports & Football,,12620545,UK General Market
loftforwords.fansnetwork.co.uk,Website,white,Sports & Football,,12513820,UK General Market
www.discosportforums.co.uk,Website,white,Sports & Football,,11775858,UK General Market
www.nationalrail.co.uk,Website,white,Travel & Transport,,828065261,UK General Market
www.realtimetrains.co.uk,Website,white,Travel & Transport,,459609794,UK General Market
www.tripadvisor.co.uk,Website,white,Travel & Transport,,418427281,UK General Market
tfl.gov.uk,Website,white,Travel & Transport,,313035346,UK General Market
www.dayoutwiththekids.co.uk,Website,white,Travel & Transport,,170458200,UK General Market
www.cruisemummy.co.uk,Website,white,Travel & Transport,,112633161,UK General Market
www.thedibb.co.uk,Website,white,Travel & Transport,,72114627,UK General Market
handluggageonly.co.uk,Website,white,Travel & Transport,,50997628,UK General Market
www.thebeachguide.co.uk,Website,white,Travel & Transport,,18961663,UK General Market
www.kayak.co.uk,Website,white,Travel & Transport,,15935303,UK General Market
geographical.co.uk,Website,white,Travel & Transport,,15248221,UK General Market
boards.cruisecritic.co.uk,Website,white,Travel & Transport,,12449776,UK General Market
www.cheapflights.co.uk,Website,white,Travel & Transport,,11468940,UK General Market
www.northernrailway.co.uk,Website,white,Travel & Transport,,11346841,UK General Market
onyourjourney.co.uk,Website,white,Travel & Transport,,9997426,UK General Market
www.exploringgb.co.uk,Website,white,Travel & Transport,,9786320,UK General Market
www.cruisecritic.co.uk,Website,white,Travel & Transport,,9768254,UK General Market
